,lower,upper,trps,trps2
0,0.0,0.0,0.0,
1,0.0,0.1,0.0,
2,0.0,0.2,0.0,
3,0.0,0.3,0.0,
4,0.0,0.4,0.0,
5,0.0,0.5,0.0,
6,0.0,0.6,0.0,
7,0.0,0.7,0.0,
8,0.0,0.8,0.0,
9,0.0,0.9,0.0,
10,0.0,1.0,0.0,
11,0.0,1.1,0.0,
12,0.0,1.2,0.0,
13,0.0,1.3,0.0,
14,0.0,1.4,0.0,
15,0.0,1.5,0.0,
16,0.0,1.6,0.0,
17,0.0,1.7,0.0,
18,0.0,1.8,0.0,
19,0.0,1.9,0.0,
20,0.0,2.0,0.0,
21,0.0,2.1,0.0,
22,0.0,2.2,0.0,
23,0.0,2.3,0.0,
24,0.0,2.4,0.0,
25,0.0,2.5,0.0,
26,0.0,2.6,0.0,
27,0.0,2.7,0.0,
28,0.0,2.8,0.0,
29,0.0,2.9,0.0,
30,0.0,3.0,0.0,
31,0.0,3.1,0.0,
32,0.0,3.2,0.0,
33,0.0,3.3,0.0,
34,0.0,3.4,0.0,
35,0.0,3.5,0.0,
36,0.0,3.6,0.0,
37,0.0,3.7,0.0,
38,0.0,3.8,0.0,
39,0.0,3.9,0.0,
40,0.0,4.0,0.0,
41,0.1,0.1,3930.0,11.940313597145968
42,0.1,0.2,3802.0,11.892542816648552
43,0.1,0.3,3596.0,11.812177305514448
44,0.1,0.4,3427.0,11.742730476519174
45,0.1,0.5,3250.0,11.66622400280318
46,0.1,0.6,3085.0,11.591054774036781
47,0.1,0.7,2946.0,11.524541715035848
48,0.1,0.8,2752.0,11.426264754702098
49,0.1,0.9,2549.0,11.315715658022201
50,0.1,1.0,2452.0,11.259743263690781
51,0.1,1.1,2330.0,11.186114239541643
52,0.1,1.2,2252.0,11.13699111208023
53,0.1,1.3,2166.0,11.080817527608327
54,0.1,1.4,2087.0,11.027214885159834
55,0.1,1.5,1983.0,10.953468962228849
56,0.1,1.6,1853.0,10.855647166027266
57,0.1,1.7,1740.0,10.76487159073609
58,0.1,1.8,1663.0,10.699572453287269
59,0.1,1.9,1573.0,10.619302955415687
60,0.1,2.0,1519.0,10.568906154502084
61,0.1,2.1,1479.0,10.530406337099068
62,0.1,2.2,1437.0,10.488844346457336
63,0.1,2.3,1341.0,10.389093521904474
64,0.1,2.4,1221.0,10.253847484987404
65,0.1,2.5,1153.0,10.171176797651771
66,0.1,2.6,1087.0,10.086136225027309
67,0.1,2.7,1072.0,10.066089190457772
68,0.1,2.8,1055.0,10.043027283594547
69,0.1,2.9,1009.0,9.978710459106358
70,0.1,3.0,995.0,9.958552715431011
71,0.1,3.1,968.0,9.918863237274595
72,0.1,3.2,911.0,9.831307243802051
73,0.1,3.3,840.0,9.714245517666123
74,0.1,3.4,791.0,9.627533884472792
75,0.1,3.5,742.0,9.535275376620802
76,0.1,3.6,700.0,9.451211111832329
77,0.1,3.7,664.0,9.375039431346925
78,0.1,3.8,623.0,9.283088353024002
79,0.1,3.9,585.0,9.192292814470767
80,0.1,4.0,570.0,9.154818109052105
81,0.2,0.2,7114.0,12.79644525906185
82,0.2,0.3,6771.0,12.725153203912992
83,0.2,0.4,6457.0,12.65664831174735
84,0.2,0.5,6130.0,12.581671358578143
85,0.2,0.6,5852.0,12.514714054138487
86,0.2,0.7,5590.0,12.448632567730552
87,0.2,0.8,5284.0,12.367414751246828
88,0.2,0.9,4971.0,12.279320387942608
89,0.2,1.0,4774.0,12.220982851081777
90,0.2,1.1,4527.0,12.144339591247839
91,0.2,1.2,4356.0,12.088788238716907
92,0.2,1.3,4176.0,12.027905996569885
93,0.2,1.4,3993.0,11.963257356633047
94,0.2,1.5,3821.0,11.89973454235751
95,0.2,1.6,3636.0,11.828136484194108
96,0.2,1.7,3460.0,11.756556322524087
97,0.2,1.8,3326.0,11.699572453287269
98,0.2,1.9,3169.0,11.629811944382233
99,0.2,2.0,3046.0,11.572700226487292
100,0.2,2.1,2944.0,11.523561956057012
101,0.2,2.2,2834.0,11.468624042918018
102,0.2,2.3,2652.0,11.372865060112588
103,0.2,2.4,2454.0,11.260919533662905
104,0.2,2.5,2318.0,11.178664851006472
105,0.2,2.6,2206.0,11.107217075591382
106,0.2,2.7,2172.0,11.084808387804362
107,0.2,2.8,2126.0,11.053925881531105
108,0.2,2.9,2044.0,10.997179480937621
109,0.2,3.0,2006.0,10.970105890612182
110,0.2,3.1,1934.0,10.917372079476841
111,0.2,3.2,1820.0,10.829722735086058
112,0.2,3.3,1690.0,10.722807531169547
113,0.2,3.4,1580.0,10.625708843064466
114,0.2,3.5,1490.0,10.541096615349524
115,0.2,3.6,1410.0,10.461479447286155
116,0.2,3.7,1345.0,10.393390457443987
117,0.2,3.8,1278.0,10.319672120946995
118,0.2,3.9,1210.0,10.240791332161956
119,0.2,4.0,1169.0,10.191059214531656
120,0.3,0.3,10522.0,13.36112133473479
121,0.3,0.4,10014.0,13.289730740083755
122,0.3,0.5,9534.0,13.218865910069676
123,0.3,0.6,9051.0,13.143861481867859
124,0.3,0.7,8604.0,13.070791809423062
125,0.3,0.8,8130.0,12.98903963696239
126,0.3,0.9,7680.0,12.906890595608518
127,0.3,1.0,7359.0,12.845294019278759
128,0.3,1.1,6972.0,12.767356854125685
129,0.3,1.2,6745.0,12.71960272783563
130,0.3,1.3,6449.0,12.654859754207394
131,0.3,1.4,6174.0,12.591989767615125
132,0.3,1.5,5932.0,12.53430288245463
133,0.3,1.6,5650.0,12.464035152189913
134,0.3,1.7,5373.0,12.391512122707118
135,0.3,1.8,5172.0,12.336506559810255
136,0.3,1.9,4926.0,12.266200912498961
137,0.3,2.0,4747.0,12.212800334429431
138,0.3,2.1,4594.0,12.165535141377925
139,0.3,2.2,4433.0,12.114067647165264
140,0.3,2.3,4185.0,12.031011907437707
141,0.3,2.4,3940.0,11.943979914343739
142,0.3,2.5,3753.0,11.873828574886977
143,0.3,2.6,3564.0,11.799281621521923
144,0.3,2.7,3497.0,11.771902080697716
145,0.3,2.8,3424.0,11.741466986401146
146,0.3,2.9,3263.0,11.671983272091865
147,0.3,3.0,3199.0,11.643405277115674
148,0.3,3.1,3096.0,11.59618975614441
149,0.3,3.2,2908.0,11.505811553919594
150,0.3,3.3,2719.0,11.40886043602476
151,0.3,3.4,2555.0,11.319107575824983
152,0.3,3.5,2414.0,11.237209960755022
153,0.3,3.6,2266.0,11.145932145820515
154,0.3,3.7,2165.0,11.080151309614088
155,0.3,3.8,2042.0,10.995767150877802
156,0.3,3.9,1902.0,10.893301530860564
157,0.3,4.0,1837.0,10.84313591111135
158,0.4,0.4,13040.0,13.67065624911844
159,0.4,0.5,12389.0,13.596772122051034
160,0.4,0.6,11763.0,13.521968427237745
161,0.4,0.7,11163.0,13.44643717584693
162,0.4,0.8,10541.0,13.363724118119091
163,0.4,0.9,9962.0,13.282219695672588
164,0.4,1.0,9555.0,13.22204015786482
165,0.4,1.1,9038.0,13.141787841671004
166,0.4,1.2,8724.0,13.09077405464075
167,0.4,1.3,8322.0,13.022714573044759
168,0.4,1.4,7957.0,12.958008883656943
169,0.4,1.5,7658.0,12.902751944850161
170,0.4,1.6,7303.0,12.834273515234699
171,0.4,1.7,6959.0,12.764664292073347
172,0.4,1.8,6714.0,12.71295682169755
173,0.4,1.9,6401.0,12.644081593265675
174,0.4,2.0,6168.0,12.590587049915035
175,0.4,2.1,5971.0,12.543756853375895
176,0.4,2.2,5766.0,12.493355121494906
177,0.4,2.3,5457.0,12.413892328372642
178,0.4,2.4,5180.0,12.338736382573916
179,0.4,2.5,4958.0,12.275542556086723
180,0.4,2.6,4718.0,12.203959703239462
181,0.4,2.7,4635.0,12.178353623512892
182,0.4,2.8,4535.0,12.146886835415884
183,0.4,2.9,4313.0,12.074476000734501
184,0.4,3.0,4219.0,12.042685372219351
185,0.4,3.1,4087.0,11.996826528020659
186,0.4,3.2,3850.0,11.910642730469625
187,0.4,3.3,3602.0,11.814582465906277
188,0.4,3.4,3397.0,11.7300455028792
189,0.4,3.5,3225.0,11.65508344519798
190,0.4,3.6,3018.0,11.559377090526683
191,0.4,3.7,2874.0,11.488844346457336
192,0.4,3.8,2706.0,11.401946123976536
193,0.4,3.9,2513.0,11.295194955880655
194,0.4,4.0,2419.0,11.240195053979924
195,0.5,0.5,14958.0,13.868629668212657
196,0.5,0.6,14195.0,13.793095228611755
197,0.5,0.7,13485.0,13.719067901122965
198,0.5,0.8,12698.0,13.632313662586126
199,0.5,0.9,11986.0,13.54906265857043
200,0.5,1.0,11503.0,13.489722546865881
201,0.5,1.1,10861.0,13.40686932142308
202,0.5,1.2,10469.0,13.353836022014743
203,0.5,1.3,9975.0,13.28410112599707
204,0.5,1.4,9533.0,13.218714581067502
205,0.5,1.5,9150.0,13.159556028058768
206,0.5,1.6,8730.0,13.091765938516803
207,0.5,1.7,8325.0,13.023234556845987
208,0.5,1.8,8032.0,12.971543553950772
209,0.5,1.9,7634.0,12.898223471215559
210,0.5,2.0,7334.0,12.840384550711667
211,0.5,2.1,7103.0,12.794212769983066
212,0.5,2.2,6861.0,12.74420315113283
213,0.5,2.3,6500.0,12.66622400280318
214,0.5,2.4,6177.0,12.59269061535341
215,0.5,2.5,5907.0,12.52820989662271
216,0.5,2.6,5627.0,12.458150248057557
217,0.5,2.7,5530.0,12.43306376512207
218,0.5,2.8,5393.0,12.39687231851056
219,0.5,2.9,5110.0,12.319107575824983
220,0.5,3.0,5004.0,12.28886607416582
221,0.5,3.1,4840.0,12.240791332161956
222,0.5,3.2,4564.0,12.156083076288681
223,0.5,3.3,4274.0,12.061371192659811
224,0.5,3.4,4018.0,11.972261848733291
225,0.5,3.5,3822.0,11.900112062977456
226,0.5,3.6,3584.0,11.807354922057604
227,0.5,3.7,3398.0,11.73047013718422
228,0.5,3.8,3184.0,11.63662462054365
229,0.5,3.9,2957.0,11.529918528120325
230,0.5,4.0,2837.0,11.470150435274359
231,0.6,0.6,16354.0,13.997355925020381
232,0.6,0.7,15515.0,13.921376076416081
233,0.6,0.8,14620.0,13.8356556908398
234,0.6,0.9,13804.0,13.752798758435516
235,0.6,1.0,13239.0,13.692506532697143
236,0.6,1.1,12491.0,13.608601359881225
237,0.6,1.2,12041.0,13.55566759184072
238,0.6,1.3,11458.0,13.484067622432198
239,0.6,1.4,10957.0,13.419565225514113
240,0.6,1.5,10540.0,13.363587246524578
241,0.6,1.6,10041.0,13.293615336407687
242,0.6,1.7,9574.0,13.224906090719767
243,0.6,1.8,9225.0,13.171333195835121
244,0.6,1.9,8758.0,13.096385734452651
245,0.6,2.0,8415.0,13.038747556217311
246,0.6,2.1,8159.0,12.994176625161732
247,0.6,2.2,7885.0,12.944895039677872
248,0.6,2.3,7475.0,12.86785786397283
249,0.6,2.4,7107.0,12.795024983961387
250,0.6,2.5,6803.0,12.731955373771934
251,0.6,2.6,6473.0,12.660218788535618
252,0.6,2.7,6356.0,12.63390340934852
253,0.6,2.8,6198.0,12.597587039586216
254,0.6,2.9,5868.0,12.51865315567339
255,0.6,3.0,5746.0,12.488342277532524
256,0.6,3.1,5565.0,12.442165972229322
257,0.6,3.2,5235.0,12.35397382181817
258,0.6,3.3,4918.0,12.263856019596082
259,0.6,3.4,4624.0,12.174925682500678
260,0.6,3.5,4402.0,12.103943429891558
261,0.6,3.6,4124.0,12.00982861736811
262,0.6,3.7,3912.0,11.933690654952233
263,0.6,3.8,3658.0,11.836839359748716
264,0.6,3.9,3391.0,11.72749506902543
265,0.6,4.0,3257.0,11.669328004395904
266,0.7,0.7,17876.0,14.12573632939501
267,0.7,0.8,16848.0,14.040289721025717
268,0.7,0.9,15931.0,13.959549208230655
269,0.7,1.0,15256.0,13.897089128312755
270,0.7,1.1,14377.0,13.811475044432731
271,0.7,1.2,13860.0,13.758639637024576
272,0.7,1.3,13177.0,13.685734329730648
273,0.7,1.4,12583.0,13.619188305672639
274,0.7,1.5,12112.0,13.564149489985732
275,0.7,1.6,11529.0,13.492979761783959
276,0.7,1.7,10956.0,13.419433550705378
277,0.7,1.8,10550.0,13.364955378481909
278,0.7,1.9,10007.0,13.288721912782648
279,0.7,2.0,9619.0,13.231671202562785
280,0.7,2.1,9327.0,13.187197402062221
281,0.7,2.2,9005.0,13.136510560793639
282,0.7,2.3,8532.0,13.058668250340572
283,0.7,2.4,8117.0,12.986730898175647
284,0.7,2.5,7771.0,12.923884546385334
285,0.7,2.6,7372.0,12.847840355630714
286,0.7,2.7,7235.0,12.820777301419087
287,0.7,2.8,7049.0,12.78320289006439
288,0.7,2.9,6666.0,12.702605602110248
289,0.7,3.0,6522.0,12.671098725748465
290,0.7,3.1,6312.0,12.623881490013458
291,0.7,3.2,5921.0,12.531625138422624
292,0.7,3.3,5562.0,12.441388029346687
293,0.7,3.4,5240.0,12.355351096424812
294,0.7,3.5,4977.0,12.28106067167702
295,0.7,3.6,4650.0,12.183015000882756
296,0.7,3.7,4418.0,12.109177703355275
297,0.7,3.8,4119.0,12.008078410868256
298,0.7,3.9,3804.0,11.893301530860564
299,0.7,4.0,3651.0,11.834075953434885
300,0.8,0.8,19378.0,14.242132057682372
301,0.8,0.9,18312.0,14.160501747555687
302,0.8,1.0,17544.0,14.098690096673593
303,0.8,1.1,16503.0,14.010440688366485
304,0.8,1.2,15903.0,13.95701132599393
305,0.8,1.3,15128.0,13.884933647949762
306,0.8,1.4,14443.0,13.818082819530185
307,0.8,1.5,13876.0,13.760304125286382
308,0.8,1.6,13135.0,13.681128580020994
309,0.8,1.7,12458.0,13.60478485708642
310,0.8,1.8,11974.0,13.547617554902802
311,0.8,1.9,11357.0,13.471294170667273
312,0.8,2.0,10928.0,13.41574176829009
313,0.8,2.1,10598.0,13.371504412043336
314,0.8,2.2,10220.0,13.319107575824983
315,0.8,2.3,9680.0,13.240791332161956
316,0.8,2.4,9197.0,13.166947625077155
317,0.8,2.5,8786.0,13.100990784092762
318,0.8,2.6,8307.0,13.020111839088086
319,0.8,2.7,8150.0,12.992584344005802
320,0.8,2.8,7931.0,12.95328706787812
321,0.8,2.9,7487.0,12.870172039110212
322,0.8,3.0,7320.0,12.837627933171404
323,0.8,3.1,7075.0,12.788514432606608
324,0.8,3.2,6636.0,12.696098170955864
325,0.8,3.3,6221.0,12.60293079091524
326,0.8,3.4,5849.0,12.513974273740658
327,0.8,3.5,5562.0,12.441388029346687
328,0.8,3.6,5195.0,12.342908033791574
329,0.8,3.7,4923.0,12.26532202423487
330,0.8,3.8,4591.0,12.164592716712367
331,0.8,3.9,4224.0,12.044394119358454
332,0.8,4.0,4047.0,11.982637133669424
333,0.9,0.9,20520.0,14.324743110494417
334,0.9,1.0,19660.0,14.262975701227942
335,0.9,1.1,18513.0,14.176251079967246
336,0.9,1.2,17849.0,14.123555628288193
337,0.9,1.3,16982.0,14.051718757178115
338,0.9,1.4,16220.0,13.985486199104635
339,0.9,1.5,15568.0,13.926295994781112
340,0.9,1.6,14719.0,13.845392038441135
341,0.9,1.7,13953.0,13.768287725245768
342,0.9,1.8,13438.0,13.714030814928783
343,0.9,1.9,12757.0,13.639001477148323
344,0.9,2.0,12281.0,13.584140418783798
345,0.9,2.1,11914.0,13.540370243743567
346,0.9,2.2,11494.0,13.488593333835409
347,0.9,2.3,10864.0,13.407267764244732
348,0.9,2.4,10282.0,13.327833296750327
349,0.9,2.5,9789.0,13.25694577281302
350,0.9,2.6,9244.0,13.174301544467632
351,0.9,2.7,9068.0,13.146568675740786
352,0.9,2.8,8827.0,13.107707482385823
353,0.9,2.9,8335.0,13.02496648387378
354,0.9,3.0,8145.0,12.99169898341288
355,0.9,3.1,7870.0,12.942147920394849
356,0.9,3.2,7374.0,12.848231701093818
357,0.9,3.3,6880.0,12.74819284958946
358,0.9,3.4,6461.0,12.657541759703378
359,0.9,3.5,6141.0,12.584257887744567
360,0.9,3.6,5747.0,12.488593333835409
361,0.9,3.7,5441.0,12.409656113059851
362,0.9,3.8,5076.0,12.309476353841106
363,0.9,3.9,4678.0,12.191676146352428
364,0.9,4.0,4493.0,12.133463346523438
365,1.0,1.0,21322.0,14.380055148544896
366,1.0,1.1,20085.0,14.293830840932829
367,1.0,1.2,19365.0,14.241163880915709
368,1.0,1.3,18417.0,14.168750455223494
369,1.0,1.4,17583.0,14.101893622719853
370,1.0,1.5,16880.0,14.043027283594547
371,1.0,1.6,15962.0,13.962353808635275
372,1.0,1.7,15131.0,13.885219717227454
373,1.0,1.8,14578.0,13.831505185085327
374,1.0,1.9,13840.0,13.756556322524087
375,1.0,2.0,13325.0,13.7018479125339
376,1.0,2.1,12920.0,13.657318449581288
377,1.0,2.2,12453.0,13.604205717324763
378,1.0,2.3,11753.0,13.520741436994633
379,1.0,2.4,11113.0,13.43996071030687
380,1.0,2.5,10565.0,13.367005146822303
381,1.0,2.6,9964.0,13.282509306240836
382,1.0,2.7,9766.0,13.253552062637464
383,1.0,2.8,9498.0,13.213408040858337
384,1.0,2.9,8960.0,13.129283016944967
385,1.0,3.0,8751.0,13.095232171619333
386,1.0,3.1,8446.0,13.044052531801302
387,1.0,3.2,7895.0,12.946723550747599
388,1.0,3.3,7354.0,12.844313461203296
389,1.0,3.4,6898.0,12.751962413460854
390,1.0,3.5,6539.0,12.67485430794662
391,1.0,3.6,6118.0,12.578844391558203
392,1.0,3.7,5793.0,12.500094949671807
393,1.0,3.8,5399.0,12.398476501449256
394,1.0,3.9,4975.0,12.280480810318373
395,1.0,4.0,4779.0,12.222493052246467
396,1.1,1.1,22146.0,14.434758522966765
397,1.1,1.2,21349.0,14.381880874274433
398,1.1,1.3,20296.0,14.308907804063939
399,1.1,1.4,19354.0,14.240344146631418
400,1.1,1.5,18585.0,14.18185106774912
401,1.1,1.6,17574.0,14.101154978600523
402,1.1,1.7,16666.0,14.024620264759832
403,1.1,1.8,16047.0,13.970015989067308
404,1.1,1.9,15221.0,13.893775524701569
405,1.1,2.0,14656.0,13.839203788096944
406,1.1,2.1,14207.0,13.794314321740464
407,1.1,2.2,13686.0,13.740413232033294
408,1.1,2.3,12912.0,13.656424863277781
409,1.1,2.4,12204.0,13.575066464578656
410,1.1,2.5,11590.0,13.500592945893834
411,1.1,2.6,10920.0,13.414685235807214
412,1.1,2.7,10697.0,13.384918625523815
413,1.1,2.8,10396.0,13.3437409184722
414,1.1,2.9,9803.0,13.259007607644609
415,1.1,3.0,9574.0,13.224906090719767
416,1.1,3.1,9232.0,13.172427508645482
417,1.1,3.2,8631.0,13.075312006460443
418,1.1,3.3,8041.0,12.973159214589735
419,1.1,3.4,7533.0,12.879008813992655
420,1.1,3.5,7127.0,12.799079209029006
421,1.1,3.6,6654.0,12.700006150882865
422,1.1,3.7,6303.0,12.621822947394202
423,1.1,3.8,5880.0,12.521600439723727
424,1.1,3.9,5405.0,12.400078902622013
425,1.1,4.0,5189.0,12.341240820538749
426,1.2,1.2,22496.0,14.457380879072534
427,1.2,1.3,21366.0,14.38302922108422
428,1.2,1.4,20371.0,14.314229182613673
429,1.2,1.5,19558.0,14.255471227467067
430,1.2,1.6,18505.0,14.175627515187584
431,1.2,1.7,17568.0,14.100662339005199
432,1.2,1.8,16913.0,14.045844964858887
433,1.2,1.9,16040.0,13.969386521342283
434,1.2,2.0,15432.0,13.913637428049103
435,1.2,2.1,14946.0,13.867471806961992
436,1.2,2.2,14386.0,13.812377888766893
437,1.2,2.3,13552.0,13.726218159332198
438,1.2,2.4,12792.0,13.642954223480332
439,1.2,2.5,12150.0,13.568668693380506
440,1.2,2.6,11443.0,13.482177711187445
441,1.2,2.7,11215.0,13.453141999973635
442,1.2,2.8,10902.0,13.412305204955272
443,1.2,2.9,10287.0,13.32853468965679
444,1.2,3.0,10034.0,13.292609222764296
445,1.2,3.1,9670.0,13.239300174364203
446,1.2,3.2,9034.0,13.141149198437516
447,1.2,3.3,8411.0,13.0380616201336
448,1.2,3.4,7869.0,12.94196459298614
449,1.2,3.5,7437.0,12.86050505680788
450,1.2,3.6,6943.0,12.761343456100649
451,1.2,3.7,6579.0,12.68365259739475
452,1.2,3.8,6144.0,12.584962500721156
453,1.2,3.9,5661.0,12.466841208321602
454,1.2,4.0,5434.0,12.407798850221974
455,1.3,1.3,23024.0,14.490850876740298
456,1.3,1.4,21957.0,14.422393330942478
457,1.3,1.5,21107.0,14.36543391831553
458,1.3,1.6,19979.0,14.286196753913735
459,1.3,1.7,18969.0,14.211356004895151
460,1.3,1.8,18287.0,14.15853079853348
461,1.3,1.9,17336.0,14.081483438093674
462,1.3,2.0,16674.0,14.025312619921719
463,1.3,2.1,16139.0,13.978263569086092
464,1.3,2.2,15525.0,13.922305647995206
465,1.3,2.3,14620.0,13.8356556908398
466,1.3,2.4,13812.0,13.753634618853386
467,1.3,2.5,13122.0,13.679700005769249
468,1.3,2.6,12359.0,13.593274395169933
469,1.3,2.7,12112.0,13.564149489985732
470,1.3,2.8,11771.0,13.522949268639264
471,1.3,2.9,11102.0,13.438531977761583
472,1.3,3.0,10823.0,13.40181283113763
473,1.3,3.1,10424.0,13.347621368568134
474,1.3,3.2,9731.0,13.248372354921251
475,1.3,3.3,9066.0,13.146250445885986
476,1.3,3.4,8476.0,13.04916787237217
477,1.3,3.5,8005.0,12.966685687403618
478,1.3,3.6,7477.0,12.868243817704636
479,1.3,3.7,7086.0,12.790755750118313
480,1.3,3.8,6608.0,12.689997971419446
481,1.3,3.9,6090.0,12.572226512793694
482,1.3,4.0,5844.0,12.512740462803498
483,1.4,1.4,23326.0,14.509651311178073
484,1.4,1.5,22420.0,14.45249865769279
485,1.4,1.6,21232.0,14.373952655370193
486,1.4,1.7,20161.0,14.299279578866493
487,1.4,1.8,19433.0,14.246221015986242
488,1.4,1.9,18413.0,14.16843708133339
489,1.4,2.0,17708.0,14.112113658097865
490,1.4,2.1,17127.0,14.063984847716334
491,1.4,2.2,16460.0,14.006676715308988
492,1.4,2.3,15493.0,13.9193289081869
493,1.4,2.4,14632.0,13.836839359748716
494,1.4,2.5,13896.0,13.762382038710392
495,1.4,2.6,13087.0,13.675846798363596
496,1.4,2.7,12826.0,13.646783691837793
497,1.4,2.8,12462.0,13.605248001565803
498,1.4,2.9,11758.0,13.521355062558259
499,1.4,3.0,11459.0,13.484193528531758
500,1.4,3.1,11037.0,13.430060461694131
501,1.4,3.2,10295.0,13.329656209519616
502,1.4,3.3,9586.0,13.226713224618962
503,1.4,3.4,8957.0,13.128799890845384
504,1.4,3.5,8454.0,13.045418397030792
505,1.4,3.6,7886.0,12.945077995107816
506,1.4,3.7,7471.0,12.867085646616836
507,1.4,3.8,6968.0,12.766528908598865
508,1.4,3.9,6415.0,12.647233549977045
509,1.4,4.0,6153.0,12.587074277201008
510,1.5,1.5,23458.0,14.517792395768357
511,1.5,1.6,22238.0,14.440739423014273
512,1.5,1.7,21117.0,14.36611727141702
513,1.5,1.8,20335.0,14.311677370349495
514,1.5,1.9,19250.0,14.232570825356989
515,1.5,2.0,18503.0,14.175471581871296
516,1.5,2.1,17878.0,14.125897731760327
517,1.5,2.2,17183.0,14.068694319825475
518,1.5,2.3,16153.0,13.979514512467604
519,1.5,2.4,15218.0,13.893491147084914
520,1.5,2.5,14432.0,13.81698362325538
521,1.5,2.6,13592.0,13.73047013718422
522,1.5,2.7,13323.0,13.701631356688269
523,1.5,2.8,12950.0,13.660664477461278
524,1.5,2.9,12212.0,13.57601187420678
525,1.5,3.0,11907.0,13.53952234772099
526,1.5,3.1,11463.0,13.484697043078667
527,1.5,3.2,10685.0,13.383299287547173
528,1.5,3.3,9930.0,13.277578002415737
529,1.5,3.4,9266.0,13.177730967033272
530,1.5,3.5,8727.0,13.091270081821463
531,1.5,3.6,8139.0,12.990635833003022
532,1.5,3.7,7700.0,12.910642730469625
533,1.5,3.8,7177.0,12.809165205371881
534,1.5,3.9,6600.0,12.688250309133178
535,1.5,4.0,6333.0,12.628673364068312
536,1.6,1.6,23396.0,14.513974273740658
537,1.6,1.7,22202.0,14.43840202279677
538,1.6,1.8,21375.0,14.383636799547984
539,1.6,1.9,20216.0,14.303209948944776
540,1.6,2.0,19437.0,14.246517943188914
541,1.6,2.1,18788.0,14.197523878257787
542,1.6,2.2,18040.0,14.138911718142744
543,1.6,2.3,16941.0,14.048231416702446
544,1.6,2.4,15942.0,13.960545013211663
545,1.6,2.5,15111.0,13.883311516379342
546,1.6,2.6,14201.0,13.793704903944487
547,1.6,2.7,13916.0,13.76445696361989
548,1.6,2.8,13520.0,13.722807531169547
549,1.6,2.9,12747.0,13.637870129034443
550,1.6,3.0,12424.0,13.600842114387302
551,1.6,3.1,11954.0,13.545205827425605
552,1.6,3.2,11124.0,13.441388029346687
553,1.6,3.3,10339.0,13.335809032822393
554,1.6,3.4,9635.0,13.234068951183083
555,1.6,3.5,9082.0,13.148794321424335
556,1.6,3.6,8473.0,13.048657153725893
557,1.6,3.7,8013.0,12.968126761356267
558,1.6,3.8,7462.0,12.86534664481678
559,1.6,3.9,6858.0,12.743572188935634
560,1.6,4.0,6580.0,12.683871868622603
561,1.7,1.7,23400.0,14.51422090935813
562,1.7,1.8,22522.0,14.459047326948218
563,1.7,1.9,21285.0,14.37754946966907
564,1.7,2.0,20468.0,14.32108251801004
565,1.7,2.1,19783.0,14.271973600233888
566,1.7,2.2,18996.0,14.213408040858337
567,1.7,2.3,17840.0,14.122827994807666
568,1.7,2.4,16791.0,14.035400533116809
569,1.7,2.5,15897.0,13.956466912764492
570,1.7,2.6,14920.0,13.8649599151426
571,1.7,2.7,14616.0,13.835260918627489
572,1.7,2.8,14200.0,13.793603309279407
573,1.7,2.9,13386.0,13.708437298965297
574,1.7,3.0,13043.0,13.670988119312954
575,1.7,3.1,12554.0,13.61585949358308
576,1.7,3.2,11682.0,13.511999669441451
577,1.7,3.3,10835.0,13.403411532981035
578,1.7,3.4,10107.0,13.303067213842914
579,1.7,3.5,9514.0,13.215836309962455
580,1.7,3.6,8872.0,13.11504365016171
581,1.7,3.7,8397.0,13.035658272294071
582,1.7,3.8,7807.0,12.930552554336135
583,1.7,3.9,7172.0,12.808159772868375
584,1.7,4.0,6884.0,12.749031382040204
585,1.8,1.8,23252.0,14.505067193231886
586,1.8,1.9,21960.0,14.42259043389256
587,1.8,2.0,21108.0,14.365502268193117
588,1.8,2.1,20387.0,14.315361874200107
589,1.8,2.2,19574.0,14.25665098428709
590,1.8,2.3,18383.0,14.166084604932879
591,1.8,2.4,17277.0,14.076565107417267
592,1.8,2.5,16351.0,13.997091250803301
593,1.8,2.6,15337.0,13.904728691047827
594,1.8,2.7,15022.0,13.874789282814126
595,1.8,2.8,14591.0,13.832791141873239
596,1.8,2.9,13755.0,13.747668519203573
597,1.8,3.0,13401.0,13.710053040024412
598,1.8,3.1,12894.0,13.65441226814894
599,1.8,3.2,11987.0,13.549183018562232
600,1.8,3.3,11115.0,13.440220327914352
601,1.8,3.4,10364.0,13.339293300180094
602,1.8,3.5,9745.0,13.250446470145253
603,1.8,3.6,9078.0,13.148158772937894
604,1.8,3.7,8593.0,13.068946179648783
605,1.8,3.8,7985.0,12.963076692298594
606,1.8,3.9,7330.0,12.839597483021175
607,1.8,4.0,7031.0,12.7795141791435
608,1.9,1.9,22986.0,14.488467811145036
609,1.9,2.0,22076.0,14.430191170191696
610,1.9,2.1,21308.0,14.37910756556115
611,1.9,2.2,20445.0,14.319460442413728
612,1.9,2.3,19177.0,14.227089426097244
613,1.9,2.4,18013.0,14.136750856445454
614,1.9,2.5,17041.0,14.056722377830921
615,1.9,2.6,15968.0,13.96289600533726
616,1.9,2.7,15635.0,13.932491598812403
617,1.9,2.8,15185.0,13.890359288054823
618,1.9,2.9,14300.0,13.803727526553114
619,1.9,3.0,13930.0,13.765907637488615
620,1.9,3.1,13396.0,13.709514660706716
621,1.9,3.2,12439.0,13.602582888086282
622,1.9,3.3,11526.0,13.492604304386683
623,1.9,3.4,10730.0,13.389362455643884
624,1.9,3.5,10074.0,13.298349015658186
625,1.9,3.6,9374.0,13.194449079479025
626,1.9,3.7,8865.0,13.113904915786051
627,1.9,3.8,8220.0,13.004922678569045
628,1.9,3.9,7536.0,12.879583249612784
629,1.9,4.0,7223.0,12.818382455041155
630,2.0,2.0,22706.0,14.4707859557643
631,2.0,2.1,21896.0,14.418379719364957
632,2.0,2.2,20998.0,14.357964301369893
633,2.0,2.3,19680.0,14.264442600226602
634,2.0,2.4,18469.0,14.172818133574328
635,2.0,2.5,17466.0,14.092261624843921
636,2.0,2.6,16362.0,13.99806148563642
637,2.0,2.7,16018.0,13.96740640431177
638,2.0,2.8,15551.0,13.92471973473838
639,2.0,2.9,14642.0,13.837825009196694
640,2.0,3.0,14256.0,13.799281621521923
641,2.0,3.1,13696.0,13.741466986401146
642,2.0,3.2,12708.0,13.633449374713493
643,2.0,3.3,11772.0,13.523071826940395
644,2.0,3.4,10947.0,13.418247936305638
645,2.0,3.5,10272.0,13.326429487122303
646,2.0,3.6,9555.0,13.22204015786482
647,2.0,3.7,9041.0,13.142266638635702
648,2.0,3.8,8377.0,13.03221795817806
649,2.0,3.9,7683.0,12.907454038318624
650,2.0,4.0,7359.0,12.845294019278759
651,2.1,2.1,22620.0,14.465311308877183
652,2.1,2.2,21685.0,14.404409822750466
653,2.1,2.3,20328.0,14.311180660053354
654,2.1,2.4,19071.0,14.219092873814482
655,2.1,2.5,18024.0,14.137631598235428
656,2.1,2.6,16897.0,14.044479503612074
657,2.1,2.7,16541.0,14.013758836031451
658,2.1,2.8,16057.0,13.970914752515817
659,2.1,2.9,15117.0,13.88388424169091
660,2.1,3.0,14715.0,13.844999921827757
661,2.1,3.1,14131.0,13.786575943168401
662,2.1,3.2,13111.0,13.67849010630065
663,2.1,3.3,12145.0,13.568074869523228
664,2.1,3.4,11286.0,13.462246634244352
665,2.1,3.5,10580.0,13.369052007001388
666,2.1,3.6,9843.0,13.264882379239577
667,2.1,3.7,9312.0,13.184875342908283
668,2.1,3.8,8627.0,13.074643240639736
669,2.1,3.9,7910.0,12.949461979360153
670,2.1,4.0,7571.0,12.88626815287296
671,2.2,2.2,22286.0,14.443850077438436
672,2.2,2.3,20876.0,14.34955768662052
673,2.2,2.4,19583.0,14.257314173785602
674,2.2,2.5,18506.0,14.175705475525927
675,2.2,2.6,17342.0,14.081982669325678
676,2.2,2.7,16976.0,14.051208940914766
677,2.2,2.8,16476.0,14.008078410868256
678,2.2,2.9,15499.0,13.919887514946934
679,2.2,3.0,15084.0,13.880731435141664
680,2.2,3.1,14480.0,13.821773981970567
681,2.2,3.2,13421.0,13.712204550438654
682,2.2,3.3,12426.0,13.601074338941668
683,2.2,3.4,11529.0,13.492979761783959
684,2.2,3.5,10807.0,13.399678469152942
685,2.2,3.6,10049.0,13.294764322065939
686,2.2,3.7,9497.0,13.213256138247942
687,2.2,3.8,8794.0,13.102303817212647
688,2.2,3.9,8063.0,12.97710100677111
689,2.2,4.0,7712.0,12.912889336229961
690,2.3,2.3,21698.0,14.405274448806429
691,2.3,2.4,20323.0,14.310825762253014
692,2.3,2.5,19193.0,14.22829261202334
693,2.3,2.6,17979.0,14.134025159291586
694,2.3,2.7,17593.0,14.102713895109979
695,2.3,2.8,17079.0,14.059935885112303
696,2.3,2.9,16070.0,13.972082308562456
697,2.3,3.0,15636.0,13.93258386928929
698,2.3,3.1,14995.0,13.872193901756102
699,2.3,3.2,13885.0,13.761239556706208
700,2.3,3.3,12837.0,13.648020464344645
701,2.3,3.4,11902.0,13.538916402464112
702,2.3,3.5,11143.0,13.443850077438436
703,2.3,3.6,10361.0,13.338875632131565
704,2.3,3.7,9784.0,13.256208688527387
705,2.3,3.8,9067.0,13.146409569587783
706,2.3,3.9,8317.0,13.021847516680607
707,2.3,4.0,7959.0,12.958371460949852
708,2.4,2.4,21070.0,14.362902693704669
709,2.4,2.5,19878.0,14.27888498880217
710,2.4,2.6,18617.0,14.184332990908866
711,2.4,2.7,18216.0,14.152918576136623
712,2.4,2.8,17692.0,14.110809526898654
713,2.4,2.9,16662.0,14.024273962540002
714,2.4,3.0,16218.0,13.985308297255852
715,2.4,3.1,15543.0,13.923977368971237
716,2.4,3.2,14379.0,13.81167572534012
717,2.4,3.3,13291.0,13.698162035011253
718,2.4,3.4,12310.0,13.58754314137182
719,2.4,3.5,11508.0,13.490349505739287
720,2.4,3.6,10710.0,13.386670859637618
721,2.4,3.7,10123.0,13.305349282598948
722,2.4,3.8,9392.0,13.197216693110052
723,2.4,3.9,8623.0,13.073974164666751
724,2.4,4.0,8263.0,13.012449952425579
725,2.5,2.5,20480.0,14.321928094887362
726,2.5,2.6,19182.0,14.227465529501677
727,2.5,2.7,18758.0,14.195218393762113
728,2.5,2.8,18212.0,14.152601744019199
729,2.5,2.9,17148.0,14.065752701816972
730,2.5,3.0,16690.0,14.02669633424996
731,2.5,3.1,15991.0,13.964972540377097
732,2.5,3.2,14797.0,13.8530170875767
733,2.5,3.3,13651.0,13.736719018767653
734,2.5,3.4,12632.0,13.624795455860237
735,2.5,3.5,11798.0,13.5262546938286
736,2.5,3.6,10984.0,13.4231159101471
737,2.5,3.7,10383.0,13.341935726886604
738,2.5,3.8,9638.0,13.234518085739989
739,2.5,3.9,8850.0,13.111461739857722
740,2.5,4.0,8486.0,13.050868963290736
741,2.6,2.6,19770.0,14.271025250616571
742,2.6,2.7,19327.0,14.238330094645674
743,2.6,2.8,18763.0,14.19560289712008
744,2.6,2.9,17649.0,14.107298821634462
745,2.6,3.0,17170.0,14.067602418889496
746,2.6,3.1,16449.0,14.005712259017955
747,2.6,3.2,15202.0,13.891973519025555
748,2.6,3.3,14016.0,13.774787059601174
749,2.6,3.4,12957.0,13.661444101928177
750,2.6,3.5,12095.0,13.562123148867288
751,2.6,3.6,11246.0,13.457124331540804
752,2.6,3.7,10630.0,13.375853976418467
753,2.6,3.8,9857.0,13.266932910607357
754,2.6,3.9,9046.0,13.14306428063141
755,2.6,4.0,8675.0,13.082648042352986
756,2.7,2.7,19524.0,14.252961036393684
757,2.7,2.8,18951.0,14.209986357601563
758,2.7,2.9,17819.0,14.121128754819942
759,2.7,3.0,17334.0,14.08131698928577
760,2.7,3.1,16605.0,14.019330102390072
761,2.7,3.2,15344.0,13.905387005018131
762,2.7,3.3,14142.0,13.787698543971324
763,2.7,3.4,13072.0,13.674192268145683
764,2.7,3.5,12197.0,13.574238722636666
765,2.7,3.6,11340.0,13.469133019829592
766,2.7,3.7,10717.0,13.387613489557392
767,2.7,3.8,9941.0,13.279175269495482
768,2.7,3.9,9120.0,13.154818109052105
769,2.7,4.0,8746.0,13.094407633081207
770,2.8,2.8,19196.0,14.228518097716194
771,2.8,2.9,18045.0,14.139311522784595
772,2.8,3.0,17554.0,14.099512191995222
773,2.8,3.1,16810.0,14.03703210412353
774,2.8,3.2,15527.0,13.922491490458542
775,2.8,3.3,14308.0,13.804534402995225
776,2.8,3.4,13224.0,13.690871009292314
777,2.8,3.5,12338.0,13.590820930930525
778,2.8,3.6,11466.0,13.485074563698612
779,2.8,3.7,10836.0,13.403544678202014
780,2.8,3.8,10043.0,13.29390266862152
781,2.8,3.9,9210.0,13.168985440978698
782,2.8,4.0,8824.0,13.107217075591382
783,2.9,2.9,18514.0,14.176329006617596
784,2.9,3.0,18011.0,14.136590663791404
785,2.9,3.1,17246.0,14.073974164666751
786,2.9,3.2,15918.0,13.958371460949852
787,2.9,3.3,14666.0,13.840187824040482
788,2.9,3.4,13541.0,13.725046665121754
789,2.9,3.5,12631.0,13.624681241788936
790,2.9,3.6,11731.0,13.518038379578142
791,2.9,3.7,11068.0,13.434106928609955
792,2.9,3.8,10242.0,13.322209843748894
793,2.9,3.9,9381.0,13.195526004646197
794,2.9,4.0,8985.0,13.133302788397303
795,3.0,3.0,18240.0,14.154818109052105
796,3.0,3.1,17465.0,14.092179022282227
797,3.0,3.2,16120.0,13.97656412341533
798,3.0,3.3,14845.0,13.857689472874018
799,3.0,3.4,13708.0,13.742730476519174
800,3.0,3.5,12793.0,13.643067000110516
801,3.0,3.6,11880.0,13.536247215688128
802,3.0,3.7,11209.0,13.45236995480311
803,3.0,3.8,10372.0,13.340406490853294
804,3.0,3.9,9502.0,13.214015491410844
805,3.0,4.0,9099.0,13.151492283345327
806,3.1,3.1,17784.0,14.11829223302699
807,3.1,3.2,16413.0,14.002551341103736
808,3.1,3.3,15120.0,13.884170519108435
809,3.1,3.4,13962.0,13.769217996126505
810,3.1,3.5,13027.0,13.669217262116756
811,3.1,3.6,12104.0,13.563196272216738
812,3.1,3.7,11426.0,13.480032814583948
813,3.1,3.8,10571.0,13.367824239411048
814,3.1,3.9,9690.0,13.242280950302444
815,3.1,4.0,9280.0,13.179909090014934
816,3.2,3.2,16940.0,14.04814625421956
817,3.2,3.3,15620.0,13.931106833029341
818,3.2,3.4,14423.0,13.816083657510168
819,3.2,3.5,13467.0,13.7171408816367
820,3.2,3.6,12517.0,13.611601206696493
821,3.2,3.7,11813.0,13.528087774047542
822,3.2,3.8,10924.0,13.415213598765286
823,3.2,3.9,10013.0,13.289586665080801
824,3.2,4.0,9590.0,13.227315099905493
825,3.3,3.3,16094.0,13.974235317355356
826,3.3,3.4,14866.0,13.85972889267839
827,3.3,3.5,13878.0,13.760512051357347
828,3.3,3.6,12894.0,13.65441226814894
829,3.3,3.7,12169.0,13.57092299753398
830,3.3,3.8,11259.0,13.458791075608133
831,3.3,3.9,10326.0,13.33399388276136
832,3.3,4.0,9892.0,13.272046524389937
833,3.4,3.4,15274.0,13.898790308381212
834,3.4,3.5,14260.0,13.79968636133125
835,3.4,3.6,13249.0,13.693595852471706
836,3.4,3.7,12501.0,13.609755885423706
837,3.4,3.8,11568.0,13.497851836951117
838,3.4,3.9,10615.0,13.37381675079274
839,3.4,4.0,10171.0,13.312173909690445
840,3.5,3.5,14604.0,13.834075953434885
841,3.5,3.6,13570.0,13.728133100306216
842,3.5,3.7,12813.0,13.645320683363298
843,3.5,3.8,11862.0,13.534059656450363
844,3.5,3.9,10890.0,13.410716333604269
845,3.5,4.0,10440.0,13.349834091457247
846,3.6,3.6,13896.0,13.762382038710392
847,3.6,3.7,13121.0,13.679590056827315
848,3.6,3.8,12146.0,13.568193653850074
849,3.6,3.9,11140.0,13.443461612227393
850,3.6,4.0,10675.0,13.381948449395216
851,3.7,3.7,13340.0,13.703471046071947
852,3.7,3.8,12349.0,13.592106599217479
853,3.7,3.9,11317.0,13.46620394737176
854,3.7,4.0,10840.0,13.404077136241234
855,3.8,3.8,12626.0,13.624110035762989
856,3.8,3.9,11572.0,13.4983506079296
857,3.8,4.0,11083.0,13.436060829465099
858,3.9,3.9,11878.0,13.53600431728855
859,3.9,4.0,11374.0,13.473452088952232
860,4.0,4.0,11510.0,13.490600213019592
