,train_loss,train_tsm,train_reg,train_n_triplets,train_n_pos_triplets
0,15.602619886398315,9.315399527549744,6.287220358848572,3482,1962
1,8.220602750778198,2.310385674238205,5.910216927528381,3448,1442
2,6.922682881355286,1.418152630329132,5.504530191421509,3261,1163
3,5.877725720405579,0.8558133691549301,5.021912455558777,3276,940
4,5.048038482666016,0.622189462184906,4.425848841667175,3335,984
5,4.079864919185638,0.4070417433977127,3.6728230714797974,3505,698
6,3.052282452583313,0.3386557213962078,2.7136266827583313,3487,655
7,1.9206492602825165,0.40040402859449387,1.5202452093362808,3370,617
8,0.8491580784320831,0.3264479301869869,0.5227101594209671,3184,462
9,0.9995610862970352,0.20518608018755913,0.794375017285347,3462,426
10,0.780210331082344,0.23568291403353214,0.5445274487137794,3523,451
11,0.5717836022377014,0.1991915963590145,0.372591994702816,3509,433
12,0.5614991039037704,0.14961208682507277,0.4118870235979557,3383,440
13,0.5117519423365593,0.19602773897349834,0.3157241977751255,3470,433
14,0.4987950772047043,0.1606355719268322,0.3381595090031624,3546,393
15,0.4585447981953621,0.1560479225590825,0.30249688029289246,3517,425
16,0.49420271813869476,0.19432265497744083,0.2998800650238991,3404,373
17,0.4568757265806198,0.1697845496237278,0.2870911806821823,3487,392
18,0.4180429130792618,0.14611170999705791,0.2719312086701393,3432,264
19,0.40301651507616043,0.13216089271008968,0.2708556205034256,3500,315
20,0.4042767509818077,0.13431906513869762,0.26995769515633583,3480,323
21,0.389149971306324,0.1073182038962841,0.2818317636847496,3522,275
22,0.3781934976577759,0.10646718461066484,0.2717263102531433,3472,262
23,0.41575247794389725,0.1519809029996395,0.26377157866954803,3465,333
24,0.4180295355618,0.16524104308336973,0.252788495272398,3317,370
25,0.37346290796995163,0.1381122376769781,0.23535067215561867,3412,305
26,0.37278030067682266,0.12849775329232216,0.2442825548350811,3535,326
27,0.3428301587700844,0.11146088130772114,0.2313692755997181,3469,259
28,0.3889899030327797,0.14814448915421963,0.24084540829062462,3505,298
29,0.3440972864627838,0.10817371308803558,0.23592357337474823,3570,277
30,0.3335472196340561,0.1009970000013709,0.2325502187013626,3522,255
31,0.38812166452407837,0.16151790507137775,0.22660375759005547,3508,283
32,0.34830622375011444,0.1158277103677392,0.2324785180389881,3570,280
33,0.3177279010415077,0.11118998192250729,0.2065379098057747,3426,256
34,0.34173331409692764,0.10900352150201797,0.23272978886961937,3331,230
35,0.293058842420578,0.08277920074760914,0.210279643535614,3470,223
36,0.3197341486811638,0.09998694714158773,0.21974720805883408,3492,220
37,0.3348788097500801,0.11212168633937836,0.22275712341070175,3348,208
38,0.2989655062556267,0.09927250444889069,0.1996930055320263,3489,258
39,0.3135869428515434,0.10590352863073349,0.20768341049551964,3447,268
40,0.38022249564528465,0.16884964890778065,0.21137284860014915,3366,206
41,0.3316632807254791,0.11236628890037537,0.21929698809981346,3487,216
42,0.3600335568189621,0.10897719953209162,0.25105635076761246,3241,206
43,0.33464694023132324,0.10763213597238064,0.22701480612158775,3396,270
44,0.30986081063747406,0.08101680316030979,0.22884400561451912,3319,227
45,0.33993763476610184,0.12019759602844715,0.21974004060029984,3465,242
46,0.3469090312719345,0.12776442803442478,0.21914460510015488,3462,300
47,0.3126373812556267,0.11447226256132126,0.19816511496901512,3589,232
48,0.2583819441497326,0.07609792286530137,0.18228402361273766,3385,206
49,0.2692552022635937,0.0582857895642519,0.21096941083669662,3408,201
50,0.27174101024866104,0.08313374873250723,0.18860726058483124,3427,196
51,0.2756657861173153,0.07539846794679761,0.20026731863617897,3327,192
52,0.26422984153032303,0.09090260649099946,0.17332723736763,3649,199
53,0.30028798431158066,0.0847865641117096,0.21550142765045166,3528,185
54,0.2959515228867531,0.0909144189208746,0.20503710955381393,3321,203
55,0.2811882682144642,0.09228948503732681,0.18889878690242767,3522,209
56,0.2462320178747177,0.07875767350196838,0.16747434809803963,3494,208
57,0.23023949936032295,0.062184411101043224,0.16805508732795715,3624,144
58,0.23307990655303001,0.07621168252080679,0.15686822682619095,3456,192
59,0.23259927704930305,0.06312360626179725,0.16947566717863083,3486,152
60,0.3077659644186497,0.1388077661395073,0.16895820200443268,3456,176
61,0.288543201982975,0.102368020452559,0.186175175011158,3344,232
62,0.23148155957460403,0.05994649254716933,0.17153506353497505,3534,176
63,0.21782654151320457,0.05293681379407644,0.16488972678780556,3513,143
64,0.2080705501139164,0.06104064453393221,0.14702990651130676,3381,155
65,0.2562093660235405,0.07458719098940492,0.18162216991186142,3206,171
66,0.22231820598244667,0.06355601409450173,0.15876218676567078,3536,165
67,0.19053678587079048,0.049209126736968756,0.1413276605308056,3520,127
68,0.20411796122789383,0.05426730262115598,0.14985065534710884,3456,157
69,0.24056179821491241,0.04508943762630224,0.1954723671078682,3250,129
70,0.2609933614730835,0.07290933327749372,0.18808402866125107,3523,140
71,0.2701299376785755,0.05169724638108164,0.2184326834976673,3381,144
72,0.17732391506433487,0.04085775883868337,0.1364661604166031,3503,130
73,0.22275252267718315,0.05099202482961118,0.17176049947738647,3531,118
74,0.27020009607076645,0.07860272051766515,0.1915973760187626,3250,137
75,0.2632189653813839,0.06349590257741511,0.19972306489944458,3322,180
76,0.18462638184428215,0.04266006126999855,0.1419663205742836,3528,134
77,0.2540942654013634,0.06297447078395635,0.19111979007720947,3140,126
78,0.3081444874405861,0.06513486336916685,0.24300961568951607,3466,157
79,0.26829107478260994,0.06486396538093686,0.20342711359262466,3548,173
80,0.2151007279753685,0.03277581091970205,0.18232491984963417,3451,122
81,0.21254784613847733,0.06844991073012352,0.1440979354083538,3556,145
82,0.19768701680004597,0.0437085775192827,0.15397843345999718,3375,174
83,0.19583570957183838,0.05238110572099686,0.14345460385084152,3451,158
84,0.20344075188040733,0.04051793785765767,0.16292281076312065,3515,114
85,0.20594802871346474,0.035608564445283264,0.1703394651412964,3352,114
86,0.15770240500569344,0.03139805933460593,0.12630434334278107,3423,101
87,0.20438321121037006,0.05875490792095661,0.14562830328941345,3605,136
88,0.21631084755063057,0.05953987222164869,0.156770970672369,3581,161
89,0.234182670712471,0.04635518230497837,0.1878274902701378,3469,131
90,0.19427353888750076,0.047352097230032086,0.14692144468426704,3394,153
91,0.17345652543008327,0.038556882413104177,0.13489964604377747,3472,108
92,0.23845493979752064,0.0736528136767447,0.16480213031172752,3512,173
93,0.1998413484543562,0.05467539606615901,0.14516595005989075,3411,137
94,0.18706304393708706,0.02401802211534232,0.163045022636652,3505,86
95,0.18827078118920326,0.0366239408031106,0.15164683386683464,3438,100
96,0.16311786696314812,0.03511424548923969,0.12800361961126328,3292,97
97,0.13834567554295063,0.018997136488906108,0.11934853717684746,3427,88
98,0.18090806901454926,0.04405691009014845,0.13685115799307823,3331,139
99,0.15597829036414623,0.03518769261427224,0.12079059705138206,3505,114
100,0.20026950538158417,0.05113407853059471,0.14913542941212654,3477,129
101,0.17997987568378448,0.0449621737934649,0.13501770421862602,3522,140
102,0.20031679421663284,0.03005075128749013,0.1702660359442234,3557,90
103,0.24157732911407948,0.0358324577100575,0.20574487373232841,3285,111
104,0.27318885549902916,0.05288294795900583,0.2203059084713459,3360,114
105,0.19709483161568642,0.03603788884356618,0.16105694323778152,3445,129
106,0.19211328960955143,0.03651376417838037,0.15559952333569527,3408,112
107,0.16626689583063126,0.04072152148000896,0.12554537504911423,3488,110
108,0.16534065455198288,0.0310521530918777,0.1342885009944439,3549,111
109,0.1807450633496046,0.025412260554730892,0.1553328037261963,3533,88
110,0.13689264096319675,0.018021396826952696,0.11887124180793762,3655,76
111,0.14447344094514847,0.0294517760630697,0.11502166464924812,3457,90
112,0.1463451385498047,0.02286636282224208,0.12347877770662308,3539,85
113,0.1488037034869194,0.018612390267662704,0.13019131496548653,3471,70
114,0.15966974943876266,0.03405172924976796,0.12561801820993423,3508,98
115,0.14129933714866638,0.011622194782830775,0.12967714294791222,3392,62
116,0.1465288046747446,0.0175902257906273,0.12893857806921005,3512,71
117,0.1594883669167757,0.02560024126432836,0.1338881254196167,3504,89
118,0.22575779259204865,0.02545963047305122,0.20029816403985023,3477,96
119,0.2792215868830681,0.04353113065008074,0.23569045215845108,3341,112
120,0.1745339371263981,0.020773374882992357,0.15376056358218193,3397,69
121,0.1751810424029827,0.032860462786629796,0.14232058078050613,3458,106
122,0.1438271664083004,0.021533983759582043,0.12229318171739578,3475,69
123,0.17461483925580978,0.01705702452454716,0.15755781903862953,3380,75
124,0.20602516271173954,0.017700513417366892,0.18832465633749962,3258,66
125,0.1685725338757038,0.016075599240139127,0.15249693393707275,3501,75
126,0.19557289592921734,0.03883389424299821,0.1567390039563179,3295,110
127,0.16822049394249916,0.015683559118770063,0.15253693610429764,3393,75
128,0.1986990086734295,0.03175628138706088,0.16694273054599762,3419,115
129,0.19179772026836872,0.049321089405566454,0.1424766257405281,3496,135
130,0.1398399118334055,0.02035922254435718,0.1194806881248951,3413,63
131,0.1631058156490326,0.021336086094379425,0.14176972955465317,3459,56
132,0.12664190120995045,0.023710341891273856,0.10293156281113625,3623,66
133,0.11764268577098846,0.01611645211232826,0.10152623429894447,3539,64
134,0.17324195243418217,0.028188626863993704,0.14505332335829735,3183,59
135,0.13755718991160393,0.017224882263690233,0.12033230811357498,3336,61
136,0.14474451914429665,0.021124514285475016,0.12361999973654747,3482,101
137,0.1513378508388996,0.029018670320510864,0.12231917679309845,3459,86
138,0.16461498849093914,0.033126924419775605,0.13148806616663933,3409,88
139,0.14358081854879856,0.031139019411057234,0.11244180053472519,3475,84
140,0.14394833147525787,0.02960661519318819,0.11434171721339226,3322,84
141,0.1354013178497553,0.024668936268426478,0.11073238030076027,3372,93
142,0.14327182434499264,0.031608443008735776,0.11166338250041008,3485,92
143,0.1583210937678814,0.029360722051933408,0.12896037474274635,3466,81
144,0.16212330758571625,0.03519024094566703,0.12693307176232338,3593,133
145,0.1341863926500082,0.02540696715004742,0.108779426664114,3462,70
146,0.1984201855957508,0.036201979499310255,0.16221820563077927,3265,97
147,0.19367195665836334,0.023545067757368088,0.17012688517570496,3467,88
148,0.1872158721089363,0.02783594047650695,0.15937993302941322,3488,90
149,0.18566623702645302,0.04346901620738208,0.14219722151756287,3374,122
150,0.18492726236581802,0.02250469825230539,0.162422563880682,3512,87
151,0.16173887997865677,0.017201520618982613,0.14453735947608948,3465,70
152,0.18749011680483818,0.02296811481937766,0.16452199965715408,3389,70
153,0.15331732109189034,0.015665659215301275,0.13765166327357292,3510,67
154,0.17155208438634872,0.026083217235282063,0.14546886458992958,3514,98
155,0.13496083952486515,0.019790725491475314,0.11517011374235153,3373,67
156,0.17383845336735249,0.02104832185432315,0.1527901329100132,3261,76
157,0.19746403768658638,0.01970213372260332,0.17776190489530563,3520,95
158,0.1844148263335228,0.03591088706161827,0.14850394427776337,3337,80
159,0.1476185917854309,0.015016696648672223,0.13260189816355705,3413,63
160,0.17077171616256237,0.020640304312109947,0.15013141557574272,3459,77
161,0.20534475520253181,0.04018513951450586,0.16515962034463882,3432,130
162,0.15770118683576584,0.03767167148180306,0.1200295127928257,3471,115
163,0.21102135628461838,0.02989616198465228,0.1811251901090145,3347,82
164,0.17000857926905155,0.017959550255909562,0.15204903110861778,3264,75
165,0.19373080506920815,0.04499729070812464,0.14873350784182549,3352,86
166,0.13813746720552444,0.018137624952942133,0.11999984085559845,3436,74
167,0.16035224869847298,0.03822683577891439,0.12212541326880455,3327,95
168,0.1645486056804657,0.016929539386183023,0.1476190648972988,3356,83
169,0.1465555764734745,0.030354404356330633,0.11620117351412773,3471,84
170,0.13474302366375923,0.02480576210655272,0.10993726179003716,3418,86
171,0.14377930387854576,0.03658475662814453,0.10719454661011696,3440,93
172,0.1727681327611208,0.014799137017689645,0.15796899423003197,3414,71
173,0.18206898495554924,0.0396331821102649,0.14243580400943756,3578,80
174,0.13986922055482864,0.017671708017587662,0.12219751626253128,3383,68
175,0.1341848038136959,0.02220942871645093,0.11197537928819656,3514,84
176,0.15294384770095348,0.02156545501202345,0.1313783936202526,3426,78
177,0.14140421897172928,0.031987986993044615,0.10941623151302338,3445,105
178,0.1297637727111578,0.020141455344855785,0.10962231829762459,3485,65
179,0.11934269219636917,0.021346317371353507,0.09799637272953987,3445,82
180,0.11239065043628216,0.016994157573208213,0.0953964926302433,3359,56
181,0.11929188668727875,0.009355333168059587,0.10993655398488045,3410,47
182,0.13608416728675365,0.02013300365069881,0.11595116183161736,3445,74
183,0.13193759880959988,0.016919876914471388,0.11501772329211235,3505,66
184,0.1320665329694748,0.015095071285031736,0.1169714592397213,3409,47
185,0.1643182933330536,0.021873968420550227,0.14244432374835014,3587,76
186,0.15062799118459225,0.02575207978952676,0.12487591058015823,3469,87
187,0.11447036266326904,0.012299240566790104,0.10217112302780151,3530,49
188,0.13057809695601463,0.01583918067626655,0.11473891511559486,3424,62
189,0.1420866698026657,0.015294052951503545,0.12679261714220047,3487,75
190,0.13887380063533783,0.0126585450489074,0.12621525675058365,3523,41
191,0.14673544466495514,0.02883647265844047,0.11789897456765175,3668,89
192,0.14360705949366093,0.015509646094869822,0.12809741497039795,3425,62
193,0.13411499001085758,0.01077194040408358,0.12334305047988892,3399,53
194,0.10104685463011265,0.007006054220255464,0.09404079988598824,3485,38
195,0.12877240031957626,0.017034322954714298,0.11173807829618454,3425,59
196,0.11473057232797146,0.01909121434437111,0.09563935920596123,3283,66
197,0.14514797180891037,0.012724302767310292,0.13242366537451744,3491,45
198,0.14612145349383354,0.013302603969350457,0.13281884789466858,3483,60
199,0.13349680043756962,0.01140887790825218,0.12208792194724083,3502,51
200,0.17408086732029915,0.017538482206873596,0.15654238313436508,3325,53
201,0.10575003176927567,0.009843908657785505,0.09590612351894379,3400,43
202,0.13875815644860268,0.010934426973108202,0.12782372906804085,3464,43
203,0.12265781126916409,0.009407014353200793,0.11325079575181007,3553,55
204,0.12876176834106445,0.018638705951161683,0.11012306064367294,3355,70
205,0.1262308992445469,0.01348968519596383,0.11274121329188347,3494,61
206,0.12459054216742516,0.024437311687506735,0.10015323013067245,3520,75
207,0.10699054319411516,0.0115042959805578,0.09548624604940414,3452,52
208,0.18133869394659996,0.020097874687053263,0.1612408235669136,3393,80
209,0.14382576383650303,0.01503534964285791,0.12879041582345963,3528,60
210,0.13708054646849632,0.009859334852080792,0.1272212117910385,3636,44
211,0.13414708338677883,0.01805796433473006,0.11608911678195,3516,56
212,0.15475284680724144,0.022464019944891334,0.1322888247668743,3391,70
213,0.15505365189164877,0.012855413253419101,0.14219823852181435,3428,54
214,0.1340239942073822,0.025437427102588117,0.10858656466007233,3439,57
215,0.116046829149127,0.015631656744517386,0.1004151739180088,3417,54
216,0.12343032471835613,0.016109561373014003,0.10732076317071915,3387,55
217,0.1234667468816042,0.01764941494911909,0.10581733286380768,3298,65
218,0.11305461637675762,0.011801383807323873,0.10125323385000229,3491,52
219,0.14716636389493942,0.02542940911371261,0.12173695489764214,3355,85
220,0.11195813864469528,0.012529720785096288,0.09942841902375221,3431,45
221,0.10252026375383139,0.012626627692952752,0.0898936353623867,3534,47
222,0.127182150259614,0.019941908831242472,0.10724024102091789,3257,37
223,0.10971871577203274,0.006950732786208391,0.10276798158884048,3435,38
224,0.17045392654836178,0.016181187645997852,0.15427273884415627,3307,63
225,0.1338779479265213,0.015667464234866202,0.11821048334240913,3452,64
226,0.14978420548141003,0.018098715227097273,0.13168549165129662,3498,67
227,0.14767553471028805,0.01573850098066032,0.13193703442811966,3414,53
228,0.13138198107481003,0.01894793042447418,0.11243404820561409,3300,68
229,0.11821281723678112,0.012231423577759415,0.10598139464855194,3341,40
230,0.11295953951776028,0.008658060105517507,0.10430147871375084,3340,39
231,0.09861487988382578,0.013868194655515254,0.08474668487906456,3553,55
232,0.1331270057708025,0.02460766292642802,0.10851934552192688,3422,83
233,0.11847602296620607,0.017394821716152364,0.10108119994401932,3339,62
234,0.11586630344390869,0.010292785475030541,0.10557352006435394,3287,42
235,0.09428678825497627,0.01169584330637008,0.08259094506502151,3407,50
236,0.10489245131611824,0.012258368195034564,0.09263408184051514,3519,61
237,0.08439039811491966,0.00833043217426166,0.0760599635541439,3392,43
238,0.14189724251627922,0.020096727297641337,0.12180051580071449,3291,73
239,0.1227025743573904,0.01877001440152526,0.10393255949020386,3512,69
240,0.14328929036855698,0.011644820915535092,0.13164446502923965,3529,48
241,0.15692393109202385,0.015184689546003938,0.14173924550414085,3422,55
242,0.13616323098540306,0.01619205711176619,0.11997117474675179,3492,66
243,0.0954415462911129,0.008140285004628822,0.08730126172304153,3463,43
244,0.16024377569556236,0.006915267906151712,0.15332850441336632,3380,43
245,0.16505318135023117,0.013198130705859512,0.15185504779219627,3265,44
246,0.12816438637673855,0.01129933213815093,0.11686505377292633,3499,50
247,0.09804689884185791,0.010746924439445138,0.08729997277259827,3373,42
248,0.09302116185426712,0.0059588712756522,0.0870622918009758,3515,33
249,0.10688230767846107,0.007876088609918952,0.09900622069835663,3531,37
250,0.14249081537127495,0.02010182914091274,0.12238898873329163,3673,57
251,0.09813030622899532,0.019539006490958855,0.07859129831194878,3355,48
252,0.13324473053216934,0.009248894639313221,0.1239958368241787,3165,40
253,0.09761601313948631,0.016530460095964372,0.08108555153012276,3448,68
254,0.1212822962552309,0.01389068749267608,0.1073916107416153,3503,60
255,0.14942079409956932,0.011457614367827773,0.1379631794989109,3454,54
256,0.1421178076416254,0.009651168889831752,0.1324666365981102,3451,46
257,0.10605961829423904,0.014810231747105718,0.09124938771128654,3256,57
258,0.12235565111041069,0.016366167925298214,0.1059894859790802,3394,77
259,0.1370095182210207,0.016230247332714498,0.12077926844358444,3367,56
260,0.11591915786266327,0.01318385626655072,0.10273529961705208,3434,54
261,0.09852714650332928,0.015646927582565695,0.08288021758198738,3610,64
262,0.10102208890020847,0.03152043535374105,0.06950165331363678,3536,78
263,0.10589290969073772,0.008699800295289606,0.09719311073422432,3367,46
264,0.10174096375703812,0.009395190456416458,0.09234577417373657,3524,43
265,0.10934355296194553,0.014048261917196214,0.09529529139399529,3425,52
266,0.10650427360087633,0.008306763280415908,0.09819751232862473,3364,37
267,0.10282931476831436,0.023089851994882338,0.07973946258425713,3498,59
268,0.1516735851764679,0.015878613048698753,0.1357949711382389,3505,60
269,0.1419900357723236,0.011880781501531601,0.130109254270792,3577,48
270,0.13318018056452274,0.015734865912236273,0.11744531244039536,3348,51
271,0.1345730498433113,0.006719501921907067,0.12785354629158974,3601,41
272,0.13944808766245842,0.008782273507677019,0.13066581264138222,3467,42
273,0.11211373563855886,0.019952934031607583,0.09216080233454704,3486,68
274,0.1481857132166624,0.018656793690752238,0.12952891737222672,3412,72
275,0.10458823293447495,0.007164106165873818,0.09742412716150284,3442,44
276,0.10223101824522018,0.009898104355670512,0.09233291447162628,3413,39
277,0.1440852340310812,0.010119320882949978,0.13396591320633888,3392,45
278,0.13250761665403843,0.012564777280203998,0.11994284018874168,3529,56
279,0.13712927512824535,0.015363684666226618,0.12176559120416641,3275,45
280,0.11259344778954983,0.005748356401454657,0.10684509202837944,3457,38
281,0.14165497571229935,0.00850600132253021,0.13314897567033768,3429,47
282,0.08867962658405304,0.0065050017765315715,0.0821746252477169,3352,32
283,0.07994122058153152,0.007048908330034465,0.07289231196045876,3329,34
284,0.12218157015740871,0.0060086713201599196,0.1161728985607624,3251,32
285,0.13700983300805092,0.014982877532020211,0.1220269575715065,3485,60
286,0.15918543934822083,0.007958798727486283,0.15122664347290993,3367,39
287,0.11755628883838654,0.006393645831849426,0.11116264387965202,3375,39
288,0.09036815911531448,0.008424345083767548,0.0819438137114048,3363,48
289,0.12316744215786457,0.00988179340492934,0.11328564956784248,3410,34
290,0.11899294704198837,0.007576492498628795,0.11141645535826683,3558,40
291,0.10213661007583141,0.011446898919530213,0.09068971127271652,3502,55
292,0.13133057579398155,0.00802589999511838,0.12330467626452446,3453,47
293,0.09643319994211197,0.007292993424925953,0.08914020657539368,3428,41
294,0.1006942093372345,0.00883621530374512,0.09185799583792686,3477,47
295,0.10324443317949772,0.00710719043854624,0.09613724425435066,3328,36
296,0.11399286426603794,0.014575010747648776,0.09941785410046577,3636,61
297,0.13078451715409756,0.015788807533681393,0.11499571055173874,3531,40
298,0.12366902269423008,0.01016126392642036,0.11350775882601738,3413,40
299,0.10103725828230381,0.008230641949921846,0.0928066149353981,3449,37
300,0.12484013102948666,0.013526454800739884,0.11131367832422256,3519,60
301,0.10137374699115753,0.012212572386488318,0.08916117623448372,3578,57
302,0.09011756256222725,0.013761803973466158,0.07635575905442238,3439,64
303,0.14462218806147575,0.016966689086984843,0.1276554986834526,3160,55
304,0.0905320467427373,0.005394127743784338,0.08513791859149933,3398,32
305,0.1027458356693387,0.017162835982162505,0.08558300137519836,3441,81
306,0.10094656515866518,0.012190721346996725,0.08875584229826927,3434,50
307,0.12286127917468548,0.01801554689882323,0.10484573245048523,3398,59
308,0.1592297162860632,0.021304162801243365,0.13792555406689644,3295,67
309,0.13141793198883533,0.008435213705524802,0.12298271805047989,3504,43
310,0.12421958893537521,0.0074173576722387224,0.11680223047733307,3357,33
311,0.10906025767326355,0.017050594615284353,0.09200965985655785,3474,36
312,0.08195714466273785,0.009412856306880713,0.07254428789019585,3445,45
313,0.1041058786213398,0.017136082518845797,0.08696979656815529,3556,63
314,0.10877279005944729,0.018429275834932923,0.09034351631999016,3251,72
315,0.12056796811521053,0.03151588991750032,0.08905207738280296,3328,81
316,0.0896275769919157,0.007555987453088164,0.08207158744335175,3507,44
317,0.13095024414360523,0.011329229251714423,0.11962101235985756,3370,55
318,0.11275486461818218,0.018838244606740773,0.0939166210591793,3431,66
319,0.09947211854159832,0.011194412247277796,0.08827770501375198,3477,46
320,0.10701170191168785,0.01943802845198661,0.08757367357611656,3585,67
321,0.10764218121767044,0.011747979326173663,0.09589420258998871,3398,51
322,0.09195978194475174,0.011049219116102904,0.0809105634689331,3326,50
323,0.11946471594274044,0.0141973213176243,0.10526739433407784,3433,51
324,0.16039341315627098,0.016571364394621924,0.1438220515847206,3506,53
325,0.13640418089926243,0.016981530585326254,0.11942264810204506,3309,79
326,0.13015957921743393,0.012101616943255067,0.11805795878171921,3408,50
327,0.10474742576479912,0.014785930747166276,0.08996149525046349,3216,56
328,0.08294877223670483,0.0108900893246755,0.07205868139863014,3450,56
329,0.08070478029549122,0.007502240259782411,0.07320253923535347,3402,34
330,0.08235696144402027,0.005991053825709969,0.07636590674519539,3480,36
331,0.08828818053007126,0.007710926147410646,0.08057725429534912,3398,43
332,0.09434512630105019,0.008253452484495938,0.08609167486429214,3488,37
333,0.15056593529880047,0.010421460727229714,0.1401444748044014,3428,56
334,0.1415153183043003,0.01604833742021583,0.1254669800400734,3567,68
335,0.09183614701032639,0.0066586163302417845,0.08517752960324287,3493,32
336,0.09367194399237633,0.013926002779044211,0.07974594086408615,3539,52
337,0.16456830874085426,0.008825138793326914,0.15574317052960396,3304,41
338,0.1529150791466236,0.018679150729440153,0.134235929697752,3478,63
339,0.17232453636825085,0.012663934321608394,0.15966060012578964,3529,49
340,0.09495964832603931,0.00824889080831781,0.08671075478196144,3398,40
341,0.08661466278135777,0.009409679914824665,0.07720498368144035,3529,52
342,0.08490251190960407,0.013275614124722779,0.07162689790129662,3428,48
343,0.09283218160271645,0.006983420287724584,0.08584875985980034,3412,40
344,0.09006076399236917,0.0057237844448536634,0.08433697745203972,3415,33
345,0.10304918326437473,0.00969416566658765,0.09335501864552498,3393,47
346,0.09572682157158852,0.013152834377251565,0.08257398754358292,3457,59
347,0.07616615761071444,0.007481858105165884,0.06868429854512215,3511,52
348,0.09761476051062346,0.005850004046806134,0.09176475554704666,3322,31
349,0.08341693878173828,0.005666225188178942,0.07775071263313293,3549,29
350,0.15549179911613464,0.006085112574510276,0.14940668642520905,3426,38
351,0.15884031355381012,0.005788939539343119,0.15305137261748314,3438,33
352,0.18485618941485882,0.00948680454166606,0.17536938562989235,3271,39
353,0.17520876601338387,0.011043787002563477,0.1641649752855301,3500,54
354,0.1506209932267666,0.010408568195998669,0.14021242782473564,3498,49
355,0.11847524717450142,0.006363272521412,0.11211197450757027,3490,44
356,0.11060243099927902,0.008128019864670932,0.1024744100868702,3591,49
357,0.11331183277070522,0.006637183047132567,0.10667464882135391,3504,40
358,0.1481582708656788,0.008508932136464864,0.13964933902025223,3363,37
359,0.14309692941606045,0.0036996760172769427,0.1393972560763359,3266,22
360,0.10827050358057022,0.009758810803759843,0.09851169213652611,3488,47
361,0.12467559613287449,0.00641559693031013,0.11825999990105629,3444,30
362,0.1270794626325369,0.008368377952137962,0.11871108412742615,3376,28
363,0.11822771281003952,0.010814581823069602,0.10741312801837921,3358,49
364,0.08368618413805962,0.006035373022314161,0.07765081152319908,3530,27
365,0.10012366622686386,0.014643280774180312,0.08548038452863693,3511,45
366,0.09874329343438148,0.006399198580766097,0.09234409406781197,3518,25
367,0.12404266186058521,0.013082444238534663,0.1109602190554142,3402,56
368,0.13454067707061768,0.007708651479333639,0.1268320269882679,3370,39
369,0.13691291958093643,0.0058996462321374565,0.13101327419281006,3379,36
370,0.07849719002842903,0.005889929903787561,0.07260726019740105,3302,29
371,0.08247851207852364,0.005205830937484279,0.0772726833820343,3431,33
372,0.10067817941308022,0.009172825841233134,0.09150535240769386,3466,48
373,0.11108779720962048,0.014023024792550132,0.09706477075815201,3369,40
374,0.07048760447651148,0.00448050875638728,0.0660070963203907,3530,32
375,0.1217497456818819,0.009561433456838131,0.11218831315636635,3235,44
376,0.07780804019421339,0.007931161730084568,0.06987687945365906,3392,31
377,0.11895595490932465,0.00886108266422525,0.11009487509727478,3525,39
378,0.11131699569523335,0.009504367975750938,0.10181262716650963,3338,42
379,0.1051849965006113,0.009118375019170344,0.09606662020087242,3509,45
380,0.1325980443507433,0.01131845690542832,0.12127958610653877,3576,50
381,0.15799596160650253,0.01517636131029576,0.1428195983171463,3542,59
382,0.1087335105985403,0.017367563559673727,0.09136594831943512,3385,52
383,0.11005578748881817,0.016794760507764295,0.09326102584600449,3367,58
384,0.15119663253426552,0.020745381247252226,0.130451250821352,3478,65
385,0.13952789455652237,0.01640225388109684,0.12312563881278038,3521,64
386,0.11677192896604538,0.00846246222499758,0.10830946639180183,3415,45
387,0.12241309694945812,0.011627474596025422,0.11078562214970589,3467,47
388,0.09103862196207047,0.012348816671874374,0.078689806163311,3295,48
389,0.12025586701929569,0.01353838643990457,0.10671748220920563,3520,55
390,0.14691676571965218,0.010201677359873429,0.1367150880396366,3454,37
391,0.11900638602674007,0.006493942128145136,0.11251244321465492,3404,37
392,0.10108603537082672,0.013962223019916564,0.0871238112449646,3376,65
393,0.09447923209518194,0.00961571911466308,0.08486351370811462,3515,42
394,0.10422021709382534,0.00915631977841258,0.09506389871239662,3504,45
395,0.08294008672237396,0.00881733512505889,0.07412275299429893,3405,43
396,0.08320293668657541,0.009635927621275187,0.07356701046228409,3427,51
397,0.11040155962109566,0.008736490359297022,0.10166506841778755,3610,46
398,0.08362683560699224,0.008283550123451278,0.0753432847559452,3409,38
399,0.09074366465210915,0.00432369938789634,0.0864199660718441,3480,29
400,0.09560426976531744,0.0070742754487582715,0.08852999284863472,3384,38
401,0.09224164672195911,0.005282104262732901,0.08695954084396362,3416,26
402,0.097812095656991,0.003840610821498558,0.09397148713469505,3514,23
403,0.10333204548805952,0.00815095349389594,0.09518109261989594,3529,38
404,0.08456022012978792,0.011578150209970772,0.0729820691049099,3350,44
405,0.07427935395389795,0.007032821187749505,0.06724653393030167,3437,34
406,0.08281177654862404,0.004583602581988089,0.0782281719148159,3312,35
407,0.09810791350901127,0.004322691878769547,0.09378521889448166,3293,24
408,0.09050198085606098,0.012476131501898635,0.07802585139870644,3489,52
409,0.08003728836774826,0.0073589909879956394,0.07267829775810242,3314,32
410,0.09819116350263357,0.004873855854384601,0.09331730753183365,3395,27
411,0.089128234423697,0.010408876609290019,0.0787193588912487,3394,57
412,0.07605653628706932,0.00677240511868149,0.06928412988781929,3392,39
413,0.11237104795873165,0.008094867022009566,0.10427618026733398,3453,43
414,0.12861834093928337,0.0048240587348118424,0.12379427999258041,3337,30
415,0.15699379332363605,0.0027459205157356337,0.15424787253141403,3532,20
416,0.10440883040428162,0.009558273770380765,0.094850555062294,3524,38
417,0.10908900573849678,0.0028238703089300543,0.10626513883471489,3414,21
418,0.10062275920063257,0.005645876284688711,0.09497688338160515,3443,31
419,0.10162769630551338,0.0032908089633565396,0.09833688661456108,3370,22
420,0.12486914731562138,0.004072610488947248,0.12079653516411781,3535,24
421,0.11316587962210178,0.009642331744544208,0.10352354496717453,3326,40
422,0.06895183678716421,0.002616229699924588,0.06633560732007027,3312,23
423,0.10845521837472916,0.004191637795884162,0.10426358133554459,3289,29
424,0.10847172699868679,0.00714348848850932,0.10132823884487152,3130,37
425,0.09008481074124575,0.009234054217813537,0.0808507576584816,3561,44
426,0.09025029465556145,0.005868335661944002,0.08438196033239365,3504,34
427,0.0921980757266283,0.007067395781632513,0.08513068035244942,3436,41
428,0.0961432233452797,0.008831467479467392,0.0873117558658123,3488,33
429,0.08610872272402048,0.012298280707909726,0.07381043955683708,3338,57
430,0.08071235194802284,0.009215610654791817,0.07149674370884895,3497,34
431,0.09431871026754379,0.004304751462768763,0.09001395851373672,3465,34
432,0.08886770345270634,0.007583888014778495,0.0812838152050972,3442,44
433,0.10908828489482403,0.008812175074126571,0.10027610883116722,3368,37
434,0.12289951369166374,0.017969846114283428,0.10492966696619987,3413,48
435,0.0735175795853138,0.00564597878837958,0.06787160038948059,3343,30
436,0.0782798733562231,0.010491223074495792,0.06778864935040474,3317,47
437,0.09092257916927338,0.006254974927287549,0.08466760441660881,3421,37
438,0.07909176405519247,0.005984705203445628,0.07310706004500389,3428,30
439,0.07942423224449158,0.0060009355074726045,0.07342329621315002,3368,35
440,0.07362597063183784,0.00596510358445812,0.0676608681678772,3556,28
441,0.08427992649376392,0.010792507295263931,0.07348741963505745,3470,46
442,0.08873324189335108,0.00588458456331864,0.08284865692257881,3248,26
443,0.13605760969221592,0.006734790105838329,0.1293228156864643,3231,30
444,0.09711484797298908,0.008480222895741463,0.08863462507724762,3507,44
445,0.11433321237564087,0.010992013034410775,0.10334119945764542,3456,45
446,0.1008266918361187,0.004463896213565022,0.09636279568076134,3577,32
447,0.10306881926953793,0.006358099359204061,0.09671071916818619,3522,23
448,0.10941837728023529,0.014846792386379093,0.09457158297300339,3424,36
449,0.09966835286468267,0.009220971638569608,0.09044738113880157,3641,42
450,0.09864839352667332,0.009089649596717209,0.08955874294042587,3523,43
451,0.07334469445049763,0.003562112746294588,0.06978258118033409,3527,26
452,0.09029050637036562,0.018180487561039627,0.07211001589894295,3462,51
453,0.1110222116112709,0.010106762871146202,0.10091545060276985,3476,42
454,0.10383838415145874,0.021431694738566875,0.08240668848156929,3257,61
455,0.10520369652658701,0.009050040564034134,0.09615365415811539,3305,45
456,0.08875425159931183,0.007844574938644655,0.08090967684984207,3531,32
457,0.07910904195159674,0.005612764449324459,0.07349627837538719,3323,35
458,0.07612706534564495,0.007757736602798104,0.06836932897567749,3406,34
459,0.06990627571940422,0.004032943892525509,0.06587333232164383,3509,28
460,0.0669048884883523,0.003129974618786946,0.06377491354942322,3580,21
461,0.07204227335751057,0.004929761449602665,0.0671125128865242,3526,34
462,0.07486787810921669,0.004017470171675086,0.07085040584206581,3283,28
463,0.08715895935893059,0.011281238432275131,0.07587771862745285,3467,33
464,0.09527670033276081,0.00454537378391251,0.09073132649064064,3478,36
465,0.09639950282871723,0.008222918229876086,0.08817658573389053,3244,30
466,0.11118484288454056,0.01076365209883079,0.10042119026184082,3429,46
467,0.08069052547216415,0.005080789414932951,0.0756097361445427,3555,33
468,0.0909806527197361,0.0059801408351631835,0.08500051125884056,3489,32
469,0.08540012873709202,0.009633784764446318,0.07576634362339973,3495,43
470,0.08672939892858267,0.008379603183129802,0.07834979519248009,3527,40
471,0.08147676475346088,0.007677073241211474,0.07379969209432602,3500,32
472,0.10310606844723225,0.007948434766149148,0.09515763446688652,3402,38
473,0.08216730877757072,0.00542128573579248,0.07674602419137955,3508,31
474,0.09246087074279785,0.0026555855583865196,0.08980528637766838,3394,20
475,0.074724062345922,0.006092861516663106,0.06863120198249817,3526,35
476,0.08023671805858612,0.004014806181658059,0.07622191309928894,3257,28
477,0.10267074778676033,0.006793958164053038,0.0958767905831337,3425,33
478,0.07969920616596937,0.013678404793608934,0.06602080166339874,3245,45
479,0.08168970793485641,0.00587124316371046,0.07581846415996552,3483,32
480,0.08133223745971918,0.003712595018441789,0.07761964201927185,3379,23
481,0.06580026913434267,0.002595567551907152,0.06320470198988914,3547,25
482,0.0689413771033287,0.0020227940403856337,0.06691858544945717,3333,14
483,0.10307172033935785,0.002180840150685981,0.1008908785879612,3367,20
484,0.08929396234452724,0.0029722741746809334,0.08632168546319008,3501,22
485,0.07467599958181381,0.005243235849775374,0.06943276524543762,3379,28
486,0.06543559674173594,0.004686574247898534,0.06074902415275574,3389,23
487,0.11130734719336033,0.004185857804259285,0.10712148994207382,3444,26
488,0.09575708024203777,0.005204095243243501,0.09055298566818237,3420,28
489,0.09428050369024277,0.004077482532011345,0.09020302072167397,3504,22
490,0.08149696979671717,0.006875336897792295,0.07462163269519806,3194,30
491,0.13997222296893597,0.012935740582179278,0.12703648209571838,3631,50
492,0.08082702569663525,0.00966710205830168,0.07115992531180382,3540,42
493,0.07150620967149734,0.006610085802094545,0.0648961216211319,3606,25
494,0.07890569139271975,0.004973553266609088,0.07393213734030724,3500,38
495,0.1003020592033863,0.016496214841026813,0.08380584418773651,3354,35
496,0.10251815244555473,0.006119660218246281,0.0963984914124012,3492,34
497,0.10431905835866928,0.006310282078629825,0.09800877422094345,3380,31
498,0.117512671276927,0.006408255954738706,0.11110441759228706,3404,34
499,0.12394257634878159,0.004827928205486387,0.11911464855074883,3611,28
